url,source,article_id
https://www.foxnews.com/us/fauci-says-idea-taking-masks-off-airplanes-not-something-should-considering-fox-news-first,FOX,2080
https://www.foxnews.com/us/u-s-navy-warship-remains-port-after-covid-19-breaks-out-among-100-immunized-crew,FOX,2083
https://www.foxnews.com/us/france-hits-100k-peak-covid-19-cases,FOX,2086
https://www.foxnews.com/us/massachusetts-college-tells-students-stay-room-coronavirus-omicron-variant,FOX,2092
https://www.foxnews.com/us/new-york-school-retracts-policy-unvaxxed-students-test-negative-parent-complaint,FOX,2095
https://www.foxnews.com/us/universities-announce-remote-start-spring-semester-omicron-variant,FOX,2098
https://www.foxnews.com/us/trump-praise-biden-covid-19-vaccine-success-fox-news-first,FOX,2100
https://www.foxnews.com/us/cdc-omicron-coronavirus-variant-now-behind-73-of-new-cases,FOX,2106
https://www.foxnews.com/us/mississippi-college-football-covid-fraud-usc,FOX,2109
https://www.foxnews.com/us/san-diego-judge-strikes-down-school-districts-student-vaccination-mandate-after-legal-challenge,FOX,2112
https://www.foxnews.com/us/biden-close-contact-staffer-tested-positive-covid-19-fox-news-first,FOX,2114
https://www.foxnews.com/us/houston-reports-first-confirmed-death-in-the-united-states-from-omicron-variant-of-covid-19,FOX,2117
https://www.foxnews.com/us/covid-surge-cancellations-restrictions-christmas-travel,FOX,2120
https://www.foxnews.com/us/new-york-city-strict-covid-restrictions-cases-spike-florida-texas,FOX,2123
https://www.foxnews.com/us/troops-find-religious-exemption-for-vaccines-unattainable,FOX,2126
https://www.foxnews.com/us/omicron-forces-wave-of-closures-nationwide-as-biden-warns-winter-of-death-encroaching,FOX,2135
https://www.foxnews.com/us/harvard-university-announces-remote-classes-for-most-of-january-due-to-rapid-rise-in-covid-omicron-cases,FOX,2138
https://www.foxnews.com/us/arizona-mayor-defies-governors-covid-vaccine-mandate-ban-no-authority,FOX,2144
https://www.foxnews.com/us/biden-warns-unvaccinated-americans-winter-severe-illness-death-fox-news-first,FOX,2146
https://www.foxnews.com/us/ohio-hospitals-pausing-vaccine-mandate,FOX,2155
https://www.foxnews.com/us/texas-men-charged-35-million-covid-fraud,FOX,2158
https://www.foxnews.com/us/california-paramedics-cardiac-arrest-leave-covid,FOX,2167
https://www.foxnews.com/us/outgoing-nih-director-sings-about-covid-19-plays-guitar,FOX,2170
https://www.foxnews.com/us/fake-covid-vaccine-cards-federal-crime,FOX,2179
https://www.foxnews.com/us/omicron-covid-variant-cornell-princeton-remote-format,FOX,2182
https://www.foxnews.com/us/los-angeles-lausd-delays-covid-19-vaccine-enforcement-for-students,FOX,2185
https://www.foxnews.com/us/omicron-covid-19-variant-now-accounts-for-2-9-of-all-cases-in-the-united-states,FOX,2191
https://www.foxnews.com/us/air-force-discharges-27-active-duty-airmen-for-refusing-to-take-covid-19-jab,FOX,2200
https://www.foxnews.com/us/arizona-sergeant-warns-plan-to-fire-unvaccinated-corrections-officers-could-result-in-another-waukesha-attack,FOX,2208
https://www.foxnews.com/us/arizona-county-could-reduce-jail-population-if-more-corrections-officers-dont-get-vaccinated,FOX,2211
https://www.foxnews.com/us/vermont-middlebury-college-remote-learning-covid-19,FOX,2214
https://www.foxnews.com/us/senate-biden-vaccine-mandate-business-tester-manchin-fox-news-first,FOX,2221
https://www.foxnews.com/us/nyc-correction-officers-sue-over-deblasios-covid-19-vaccine-mandate-work-conditions,FOX,2224
https://www.foxnews.com/us/los-angeels-school-fires-employees-vaccine,FOX,2233
https://www.foxnews.com/us/los-angeles-34000-students-may-be-barred-from-schools-over-vaccine-mandate,FOX,2242
https://www.foxnews.com/us/omicron-dogecoin-list-2021-mispronounced-words,FOX,2245
https://www.foxnews.com/us/california-boy-coronavirus-vaccine-pizza-consent-school,FOX,2248
https://www.foxnews.com/us/100-los-angeles-firefighters-suspended-pay-vaccine-mandate,FOX,2252
https://www.foxnews.com/us/maryland-man-fake-vaccine-cards-federal-charges,FOX,2261
https://www.foxnews.com/us/covid-19-infected-norwegian-cruise-ship-arrives-new-orleans,FOX,2264
https://www.foxnews.com/us/oregon-health-authority-moves-to-implement-permanent-indoor-mask-mandate,FOX,2270
https://www.foxnews.com/us/nj-gop-lawmakers-defy-covid-mandate,FOX,2274
https://www.foxnews.com/us/california-city-spending-federal-covid-funds-on-license-plate-readers-to-deter-smash-and-grab-mobs,FOX,2283
https://www.foxnews.com/us/covid-19-mandate-blocked-3-states,FOX,2289
https://www.foxnews.com/us/federal-judge-blocks-biden-vaccine-mandate-for-health-care-workers-nationwide,FOX,2292
https://www.foxnews.com/us/us-coronavirus-outbreaks-states-ranked,FOX,2295
https://www.foxnews.com/us/omicron-variant-of-concern-arrived-north-america-fox-news-first,FOX,2302
https://www.foxnews.com/us/police-report-determines-florida-school-did-not-commit-child-abuse-by-tying-mask-to-disabled-students-face,FOX,2305
https://www.foxnews.com/us/state-department-issues-do-not-travel-warnings-eight-countries-omicron-variant,FOX,2311
https://www.foxnews.com/us/new-york-gov-kathy-hochul-state-of-emergency-omicron-variant,FOX,2317
https://www.foxnews.com/us/la-firefighter-accused-wiping-butt-vaccine-mandate-letter-handed-to-him,FOX,2325
https://www.foxnews.com/us/ron-desantis-legislation-florida-companies-vaccine-mandate-rescind-termination,FOX,2334
https://www.foxnews.com/us/chicago-mayor-lightfoot-police-brown-crime-pandemic-cardenas,FOX,2337
https://www.foxnews.com/us/miami-police-officer-recovers-covid-19-icu,FOX,2343
https://www.foxnews.com/us/fugitive-california-couple-sentenced-absentia-coronavirus-fraud-scheme,FOX,2349
https://www.foxnews.com/us/maryland-parents-notified-children-were-given-wrong-dosage-of-pfizer-vaccine-at-school-clinic,FOX,2361
https://www.foxnews.com/us/navy-sailors-refuse-covid-19-vaccine-discharged-administrative-actions,FOX,2364
https://www.foxnews.com/us/republicans-democrats-covid-19-school-closures,FOX,2367
https://www.foxnews.com/us/teacher-staff-shortages-plaguing-districts-coronavirus,FOX,2373
https://www.foxnews.com/us/oklahoma-national-guard-biden-vaccine-mandate,FOX,2376
https://www.foxnews.com/us/snow-leopards-nebraska-zoo-die-covid,FOX,2379
https://www.foxnews.com/us/antifa-members-clash-with-white-nationalists-over-covid-vaccine-mandate-outside-nycs-gracie-mansion,FOX,2385
https://www.foxnews.com/us/california-highway-patrol-officers-injured-when-car-wrecks-into-them-at-anti-vaccine-mandate-protest,FOX,2391
https://www.foxnews.com/us/oklahoma-representative-bill-ban-vaccine-mandates,FOX,2400
https://www.foxnews.com/us/vermont-standardized-test-scores-decline-pre-covid-results,FOX,2411
https://www.foxnews.com/us/florida-school-district-mask-mandates,FOX,2414
https://www.foxnews.com/us/pelosi-apparently-caught-maskless-lavish-california-wedding-kids-forced-mask-up,FOX,2416
https://www.foxnews.com/us/oklahoma-education-secretary-outrageous-teachers-fired-masks-staffing-shortage,FOX,2419
https://www.foxnews.com/us/richmond-school-board-vaccine-mandate-discipline,FOX,2425
https://www.foxnews.com/us/tennessee-bill-coronavirus-patients-hospital-visits,FOX,2434
https://www.foxnews.com/us/florida-hospital-celebrates-zero-covid-patients-since-pandemic-sarasota,FOX,2437
https://www.foxnews.com/us/california-school-removes-teacher-trump-president-vaccines,FOX,2443
https://www.foxnews.com/us/san-francisco-children-proof-of-vaccine,FOX,2455
https://www.foxnews.com/us/marylands-most-populous-county-told-students-there-is-a-double-pandemic-of-covid-and-racism,FOX,2458
https://www.foxnews.com/us/former-trump-surgeon-general-on-vaccinating-his-kid-we-have-to-do-everything-we-can-to-protect-our-children,FOX,2461
https://www.foxnews.com/us/nyc-man-halloween-mask-ax-attack-police,FOX,2467
https://www.foxnews.com/us/nyc-substitute-teacher-suspended-covid-chinese-lab-communist-party,FOX,2473
https://www.foxnews.com/us/judge-halts-chicago-vaccine-mandate-police-union,FOX,2488
https://www.foxnews.com/us/new-york-city-firefighters-protest-vaccine-mandate,FOX,2491
https://www.foxnews.com/us/thousands-air-force-troops-reject-vaccine-mandate,FOX,2508
https://www.foxnews.com/us/nyc-vaccine-mandate-fdny-sickout-closure-firehouses,FOX,2512
https://www.foxnews.com/us/florida-covid-cases-among-lowest-in-the-country,FOX,2521
https://www.foxnews.com/us/nyc-firefighters-protest-vaccine-mandates,FOX,2524
https://www.foxnews.com/us/nyc-vaccine-mandate-police-fire-unions-staffing-deadline,FOX,2530
https://www.foxnews.com/us/georgia-police-seeking-suspect-home-invasion-masked-men-held-mother-daughter-gunpoint,FOX,2536
https://www.foxnews.com/us/minnesota-surgeon-school-board-parents-masking-kids-job,FOX,2545
https://www.foxnews.com/us/portland-school-board-moves-meeting-virtual-parents-maskless,FOX,2548
https://www.foxnews.com/us/nyc-workers-vaccine-mandate,FOX,2554
https://www.foxnews.com/us/seattle-fireman-struggles-to-feed-his-family-while-on-unpaid-leave-amid-vaccine-mandate,FOX,2565
https://www.foxnews.com/us/nyc-police-union-vaccine,FOX,2568
https://www.foxnews.com/us/floridas-top-doctor-leave-meeting-refusing-wear-mask,FOX,2574
https://www.foxnews.com/us/vaccine-mandates-create-conflict-defiant-workers,FOX,2583
https://www.foxnews.com/us/seattle-hair-salon-robbed-armed-men-scream-masks,FOX,2598
https://www.foxnews.com/us/chicago-police-union-vaccine-mandate-fight-hunger-games,FOX,2601
https://www.foxnews.com/us/texas-welcomes-patients-denied-lifesaving-organ-transplants-in-colorado-because-of-covid-vaccination-status,FOX,2610
https://www.foxnews.com/us/new-york-city-police-union-de-blasio-covid-vaccine-mandate,FOX,2613
https://www.foxnews.com/us/pandemic-politics-mask-mandates-colorado-parents-school-board,FOX,2619
https://www.foxnews.com/us/mn-gov-tim-walz-offering-100000-scholarships-to-vaccinated-students,FOX,2628
https://www.foxnews.com/us/seattle-first-responders-fired-vaccine-noncompliance-march-city-hall-boots,FOX,2631
https://www.foxnews.com/us/oregon-releases-names-vaccination-status-40000-state-employees,FOX,2640
https://www.foxnews.com/us/nyc-declares-racism-public-health-crisis-covid,FOX,2643
https://www.foxnews.com/us/seattle-police-officers-vaccine-mandate-deadline-costly-litigation,FOX,2653
https://www.foxnews.com/us/nearly-100-unvaccinated-staff-yale-new-haven-health-lose-jobs,FOX,2657
https://www.foxnews.com/us/robert-durst-placed-on-ventilator-after-contracting-covid-19,FOX,2666
https://www.foxnews.com/us/desantis-threatens-lawsuit-biden-vaccine-mandate,FOX,2669
https://www.foxnews.com/us/us-navy-kick-out-sailors-who-refuse-covid-vax,FOX,2680
https://www.foxnews.com/us/seattle-police-emergency-dispatch-staffing-shortage-vaccine-mandate,FOX,2683
https://www.foxnews.com/us/covid-vaccine-mandate-judge-california-prisons,FOX,2692
https://www.foxnews.com/us/pennsylvania-teacher-covid-plastic-barrier-alleged-threats,FOX,2701
https://www.foxnews.com/us/ohio-woman-denied-liver-transplant-vaccines-cleveland-clinic,FOX,2704
https://www.foxnews.com/us/chicago-police-union-president-plans-to-fight-vaccine-mandate-in-court,FOX,2710
https://www.foxnews.com/us/federal-judge-rules-in-favor-of-healthcare-workers-seeking-religious-exemption-to-vaccine,FOX,2716
https://www.foxnews.com/us/texas-mom-gives-birth-twin-girls-test-positive-covid,FOX,2722
https://www.foxnews.com/us/wyoming-girl-suspended-arrested-trespassing-mask-mandate,FOX,2731
https://www.foxnews.com/us/parent-sues-school-district-child-covid,FOX,2734
https://www.foxnews.com/us/oregon-settles-with-hispanic-business-owner-who-sued-over-covid-fund-only-for-black-business-owners,FOX,2743
https://www.foxnews.com/us/maryland-man-killed-pharmacist-brother-over-covid-19-vaccine-court-docs,FOX,2749
https://www.foxnews.com/us/los-angeles-greenlights-vaccine-passport-among-strictest-in-us,FOX,2755
https://www.foxnews.com/us/mass-exodus-hundreds-of-detroit-healthcare-workers-quit-after-refusing-covid-19-vaccine,FOX,2758
https://www.foxnews.com/us/nyc-teacher-vaccine-mandate-judge-temporary-restraining-order,FOX,2764
https://www.foxnews.com/us/new-york-largest-private-healthcare-provider-fired-1400-employees-refused-covid-vaccine,FOX,2776
https://www.foxnews.com/us/washington-state-vaccine-mandate-protest-national-anthem,FOX,2780
https://www.foxnews.com/us/dc-healthcare-workers-miss-covid-vaccine-mandate-deadline-religious-exemptions,FOX,2790
https://www.foxnews.com/us/autopsies-relocated-medical-examiner-unvaccinated,FOX,2794
https://www.foxnews.com/us/louisiana-health-system-fine-employees-spouses-unvaccinated,FOX,2802
https://www.foxnews.com/us/mayorkas-admits-rise-delta-variant-us-mexico-border-surprised-him,FOX,2808
https://www.foxnews.com/us/washington-school-masks-students,FOX,2814
https://www.foxnews.com/us/nyc-de-blasio-school-vaccine-mandate,FOX,2822
https://www.foxnews.com/us/blm-says-de-blasios-covid-vaccine-mandate-nyc-targets-black-people,FOX,2828
https://www.foxnews.com/us/judge-allows-nyc-to-mandate-vaccinations-for-teachers,FOX,2834
https://www.foxnews.com/us/mack-miller-nevada-video-thrown-out-meeting-coronavirus,FOX,2849
https://www.foxnews.com/us/whitmer-michigan-mask-mandates-schools-vaccine-passports,FOX,2852
https://www.foxnews.com/us/george-holliday-who-filmed-rodney-king-video-dies-of-covid,FOX,2861
https://www.foxnews.com/us/tourists-new-york-city-restaurant-attack-hostess-proof-vaccine,FOX,2867
https://www.foxnews.com/us/vaccinated-woman-family-died-covid-family-blames-unvaccinated-obituary,FOX,2871
https://www.foxnews.com/us/students-sue-catholic-university-for-denying-religious-exemptions-for-vaccine,FOX,2874
https://www.foxnews.com/us/78-lsu-students-expulsion-coronavirus-rules,FOX,2883
https://www.foxnews.com/us/doctor-video-atrocious-limiting-care-unvaccinated,FOX,2886
https://www.foxnews.com/us/pittsburgh-cbp-officers-seize-fake-covid-vaccine-cards-shipped-from-china,FOX,2890
https://www.foxnews.com/us/la-county-will-require-proof-of-vaccination-or-negative-test-at-bars-nightclubs-and-events,FOX,2893
https://www.foxnews.com/us/california-couple-dies-covid-19-five-kids,FOX,2899
https://www.foxnews.com/us/anti-vaccine-mandate-protesters-new-york-city-joe-biden,FOX,2902
https://www.foxnews.com/us/couple-viral-video-jetblue-masks,FOX,2905
https://www.foxnews.com/us/new-york-city-react-bidens-vaccine-mandate,FOX,2908
https://www.foxnews.com/us/federal-officers-biden-covid-19-vaccine-mandate,FOX,2917
https://www.foxnews.com/us/mobile-morgues-covid-surge,FOX,2923
https://www.foxnews.com/us/seattle-could-lose-over-200-cops-due-to-covid-vaccine-mandate-report-says,FOX,2929
https://www.foxnews.com/us/police-firefighters-sue-gov-brown-over-vaccination-mandate,FOX,2935
https://www.foxnews.com/us/los-angeles-couple-convicted-covid-19-relief-fraud-mahunt-fugitives-fbi,FOX,2941
https://www.foxnews.com/us/liberal-dominated-san-diego-county-board-floats-covid-declaration-conservative-critics-say-impedes-free-speech,FOX,2950
https://www.foxnews.com/us/vaccinated-california-lack-cdc-cards-photocopies-san-mateo,FOX,2956
https://www.foxnews.com/us/florida-school-desantis-mask,FOX,2971
https://www.foxnews.com/us/san-diego-students-coronavirus-masks-outdoors,FOX,2974
https://www.foxnews.com/us/florida-man-assault-student-high-school-mask-mandate,FOX,2983
https://www.foxnews.com/us/washington-public-school-pauses-tracking-monitors-covid,FOX,2986
https://www.foxnews.com/us/washington-public-school-student-athletes-tracking-monitors-covid,FOX,2992
https://www.foxnews.com/us/los-angeles-vaccine-worker-hit-and-run,FOX,3004
https://www.foxnews.com/us/nyc-mandates-coronavirus-vaccinations-teachers,FOX,3007
https://www.foxnews.com/us/north-carolina-rep-murphy-liability-protections-reopening-schools-coronavirus,FOX,3010
https://www.foxnews.com/world/delta-china-flight-shanghai-coronavirus-rules,FOX,2072
https://www.foxnews.com/us/woman-allegedly-injures-passengers-delta-employees-on-flight-from-tampa,FOX,1822
https://www.foxnews.com/us/fauci-removing-masks-on-airplanes-not-something-we-should-even-be-considering,FOX,1824
https://www.foxnews.com/sports/nets-lakers-brooklyn-covid-nba-claxton-lebron-james,FOX,1826
https://www.foxnews.com/health/us-churches-canceling-in-person-christmas-services-amid-omicron-surge,FOX,1830
https://www.foxnews.com/lifestyle/what-know-cruise-during-pandemic,FOX,1836
https://www.foxnews.com/lifestyle/covid-concerned-colleges-spring-start-dates-remote,FOX,1838
https://www.foxnews.com/health/south-africa-covid-omicron-study-hospitalization-severe-illness,FOX,1840
https://www.foxnews.com/us/rockettes-cancel-christmas-spectacular-due-to-covid-19,FOX,1842
https://www.foxnews.com/us/covid-shutdowns-return-smaller-scale,FOX,1844
https://www.foxnews.com/health/fauci-omicron-surge-inevitable-holidays,FOX,1846
https://www.foxnews.com/lifestyle/air-force-tsgt-fosters-teenagers-pandemic,FOX,1848
https://www.foxnews.com/politics/cities-vaccine-mandates-lift-forever-covid,FOX,1850
https://www.foxnews.com/us/nyc-cheesecake-factory-vaccine,FOX,1852
https://www.foxnews.com/media/ingraham-angle-vaccine-mandates-nyc-applebees-protest-government-overreach,FOX,1854
https://www.foxnews.com/world/france-restricts-travel-britain-fight-omicron,FOX,1856
https://www.foxnews.com/lifestyle/dogs-cats-animals-contracting-covid-19,FOX,1858
https://www.foxnews.com/health/cdc-chief-says-omicron-covid-19-variant-mostly-mild-so-far,FOX,1864
https://www.foxnews.com/world/finlands-36-year-old-prime-minister-apologizes-for-clubbing-after-potentially-being-exposed-to-covid-19,FOX,1866
https://www.foxnews.com/politics/biden-new-covid-rules-testing-international-travel-vaccine-status-americans,FOX,1870
https://www.foxnews.com/politics/white-house-says-domestic-travel-vaccine-requirements-on-the-table-due-to-omicron-variant,FOX,1872
https://www.foxnews.com/world/covid-19-omicron-variant-travel-industry,FOX,1874
https://www.foxnews.com/health/travel-omicron-who-people-aged-60-older-delay-travel-certain-areas,FOX,1876
https://www.foxnews.com/health/covid-19-omicron-variant-no-cases-identified-yet-in-us-cdc,FOX,1884
https://www.foxnews.com/health/fauci-omicron-covid-19-variant-us-will-go-all-over,FOX,1886
https://www.foxnews.com/health/dutch-authorities-covid-19-omicron-variant-61-arrivals-south-africa-test-positive,FOX,1888
https://www.foxnews.com/us/omicron-variant-us-restrict-travel-southern-africa-nations,FOX,1896
https://www.foxnews.com/health/fauci-covid-variant-south-african-scientists-evade-vaccine-antibodies,FOX,1898
https://www.foxnews.com/health/new-covid-variant-southern-africa-nations-travel-ban,FOX,1900
https://www.foxnews.com/lifestyle/santa-spread-christmas-joy-pandemic-challenges,FOX,1906
https://www.foxnews.com/us/thanksgiving-travel-precautions-pandemic,FOX,1908
https://www.foxnews.com/politics/tsa-says-vaccine-mandate-will-not-impact-holiday-travel,FOX,1918
https://www.foxnews.com/world/austrias-covid-lockdown-holiday-season,FOX,1920
https://www.foxnews.com/politics/government-agencies-tell-americans-downsize-thanksgiving-mask-up-around-family-vaxxed,FOX,1922
https://www.foxnews.com/media/critics-new-york-times-thanksgiving-advice-kids-vaccinated,FOX,1924
https://www.foxnews.com/world/few-tourists-experience-christmas-bethlehem-pandemic,FOX,1930
https://www.foxnews.com/health/covid-19-cases-surge-in-new-us-hotspots,FOX,1934
https://www.foxnews.com/health/home-covid-19-tests-masks-holiday-gatherings-safer,FOX,1943
https://www.foxnews.com/us/santa-may-not-coming-town-covid,FOX,1945
https://www.foxnews.com/health/cdc-data-hundreds-of-thousands-children-under-age-12-vaccinated,FOX,1948
https://www.foxnews.com/health/uk-scientists-gene-double-risk-covid-death,FOX,1952
https://www.foxnews.com/travel/southwest-pilot-cited-fighting-flight-attendant-masks-california-hotel,FOX,1958
https://www.foxnews.com/health/teen-screen-time-more-than-doubled-covid-19-pandemic-study,FOX,1960
https://www.foxnews.com/health/survey-covid-pandemic-millennials-struggle-with-decision-making,FOX,1966
https://www.foxnews.com/health/waiting-list-liver-transplants-linked-to-alcoholic-hepatitis-surge-covid-pandemic,FOX,1968
https://www.foxnews.com/us/airplane-karen-uses-microphone-to-rant-about-pandemic-during-midflight-in-viral-video,FOX,1974
https://www.foxnews.com/us/national-zoo-vaccinates-primates-against-covid-19,FOX,1978
https://www.foxnews.com/health/americans-drank-smoked-more-in-pandemic-study,FOX,1982
https://www.foxnews.com/entertainment/coachella-covid-vaccine-entry,FOX,1986
https://www.foxnews.com/media/pilot-biden-vaccine-mandate-southwest-we-have-all-control,FOX,1992
https://www.foxnews.com/lifestyle/horse-therapy-mental-health-pandemic,FOX,1996
https://www.foxnews.com/travel/halloween-returns-theme-parks-pandemic,FOX,2000
https://www.foxnews.com/opinion/tucker-draconian-covid-policies-austrailia-the-united-states,FOX,2004
https://www.foxnews.com/lifestyle/oregon-health-officials-kiss-dates-both-vaccinated,FOX,2008
https://www.foxnews.com/health/poison-plant-vaccine-in-process,FOX,2014
https://www.foxnews.com/us/texas-bar-coronavirus-mask-policy,FOX,2016
https://www.foxnews.com/lifestyle/black-wedding-dress-trend-grows-pandemic,FOX,2022
https://www.foxnews.com/lifestyle/parents-distance-learning-kids-fall-behind-survey-covid-19,FOX,2026
https://www.foxnews.com/us/national-parks-overcrowding-concerns-coronavirus,FOX,2028
https://www.foxnews.com/lifestyle/preschool-pianist-carnegie-hall-debut-delayed-coronavirus-vaccines,FOX,2034
https://www.foxnews.com/us/mystery-woman-airport-bikini-mask,FOX,2036
https://www.foxnews.com/us/judge-reverses-decision-mom-unvaccinated-custody,FOX,2040
https://www.foxnews.com/lifestyle/children-pandemic-weight-gain-junk-food-rises-studies,FOX,2044
https://www.foxnews.com/lifestyle/mom-says-flight-attendant-told-her-to-glue-mask-to-toddlers-face,FOX,2050
https://www.foxnews.com/us/homeschooling-covid-19-coronavirus-schools-reopen,FOX,2054
https://www.foxnews.com/entertainment/new-orleans-jazz-fest-canceled-coronavirus-surge,FOX,2058
https://www.foxnews.com/lifestyle/london-oldest-lady-108-coronavirus-nothing-compared-world-war,FOX,2060
https://www.foxnews.com/health/unvaccinated-individuals-twice-likely-covid-19-reinfection,FOX,2064
https://www.foxnews.com/lifestyle/covid-infected-mom-premature-child,FOX,2066
https://www.foxnews.com/lifestyle/teacher-starts-outdoor-classroom-amid-covid-19,FOX,2070
https://www.foxnews.com/us/cdc-shortens-cuts-quarantine-period-in-half-for-covid-19-infected-individuals-amid-omicron-surge,FOX,2074
https://www.foxnews.com/media/miami-beach-mayor-gov-desantis-made-pandemic-worse,FOX,2076
https://www.foxnews.com/sports/rangers-forward-nhl-changes-covid-protocols,FOX,2078
https://www.foxnews.com/opinion/joe-concha-bidens-covid-christmas-disaster,FOX,1565
https://www.foxnews.com/opinion/biden-covid-omicron-testing-republican-democrat-desantis-karol-markowicz,FOX,1568
https://www.foxnews.com/opinion/biden-covid-omicron-vaccine-speech-marc-siegel,FOX,1814
https://www.foxnews.com/opinion/greg-gutfeld-joe-biden-crime-omicron-manchin-spending,FOX,1817
https://www.foxnews.com/opinion/america-covid-19-coronavirus-omicron-vaccine-besser-morita,FOX,1577
https://www.foxnews.com/opinion/covid-omicron-virus-fear-vaccine-marc-siegel,FOX,1580
https://www.foxnews.com/opinion/omicron-clobbers-christmas-and-joe-biden-liz-peek,FOX,1818
https://www.foxnews.com/opinion/eli-steele-working-american-fights-pandemic-supply-chain-inflation-to-keep-business-alive,FOX,1586
https://www.foxnews.com/opinion/biden-vaccine-mandate-decimate-military-rep-darrell-issa,FOX,1589
https://www.foxnews.com/opinion/covid-crime-democrats-risk-david-marcus,FOX,1592
https://www.foxnews.com/opinion/california-colorado-covid-gavin-newsom-jared-polis-jim-breslo,FOX,1595
https://www.foxnews.com/opinion/how-is-covid-going-to-end-nicole-saphier,FOX,1598
https://www.foxnews.com/opinion/biden-covid-vaccine-mandate-courts-jonathan-turley,FOX,1601
https://www.foxnews.com/opinion/biden-fauci-omicron-scientific-decisions-rand-paul,FOX,1604
https://www.foxnews.com/opinion/cuomo-brothers-canceled-grief-mourners-covid-janice-dean,FOX,1607
https://www.foxnews.com/opinion/covid-fears-bidens-plan-and-omicron,FOX,1610
https://www.foxnews.com/opinion/biden-covid-fauci-cdc-vaccine-david-marcus,FOX,1613
https://www.foxnews.com/opinion/tucker-carlson-tyrany-democrats-covid-power-grab,FOX,1616
https://www.foxnews.com/opinion/tucker-carlson-omicron-whole-new-pandemic,FOX,1619
https://www.foxnews.com/media/tucker-carlson-joe-bidens-handle-on-coronavirus-greatest-public-policy-failure-of-all-time,FOX,1622
https://www.foxnews.com/opinion/biden-covid-measures-meaningless-border-security-jason-chaffetz,FOX,1625
https://www.foxnews.com/opinion/covid-variant-omicron-how-worried-should-you-be,FOX,1628
https://www.foxnews.com/opinion/as-omicron-threatens-us-is-biden-up-to-the-task,FOX,1631
https://www.foxnews.com/opinion/fda-covid-booster-vaccine-makary,FOX,1637
https://www.foxnews.com/opinion/biden-covid-vaccine-mandate-heroes-felons,FOX,1640
https://www.foxnews.com/opinion/face-masks-americans-covid-cdc-germs,FOX,1643
https://www.foxnews.com/opinion/biden-vaccine-mandate-national-security-rep-devin-nunes-rep-chris-stewart,FOX,1646
https://www.foxnews.com/opinion/nih-lied-gain-of-function-covid-sen-rand-paul,FOX,1652
https://www.foxnews.com/opinion/vaccinate-kid-doctors-office-political-dr-marc-siegel,FOX,1658
https://www.foxnews.com/opinion/biden-vaccine-mandate-dystopian-novel-rep-brian-mast,FOX,1661
https://www.foxnews.com/opinion/saphier-children-covid-vaccine-mandate,FOX,1664
https://www.foxnews.com/opinion/china-covid-coverup-accountability-us-pompeo-libby,FOX,1667
https://www.foxnews.com/opinion/covid-vaccine-mandate-insult-poor-david-marcus,FOX,1670
https://www.foxnews.com/opinion/biden-fauci-covid-surprise-polls-david-bossie,FOX,1673
https://www.foxnews.com/opinion/tucker-carlson-southwest-airlines-flight-delays-coronavirus,FOX,1676
https://www.foxnews.com/opinion/covid-pandemic-end-trend-dr-janette-nesheiwat,FOX,1679
https://www.foxnews.com/opinion/battle-cry-covid-mom-vanessa-santos,FOX,1682
https://www.foxnews.com/opinion/covid-prevention-treatment-cures-news-dr-marc-siegel,FOX,1685
https://www.foxnews.com/opinion/covid-robots-america-workforce-alec-ross,FOX,1688
https://www.foxnews.com/opinion/seattle-covid-funds-homeless-hotels-penthouse-view-studios-jason-rantz,FOX,1691
https://www.foxnews.com/opinion/biden-coronavirus-vaccine-message-clear-direct-sen-john-barrasso,FOX,1694
https://www.foxnews.com/opinion/fda-approve-budesonide-treat-covid-sen-rand-paul-dr-richard-bartlett-alexandria-watkins,FOX,1697
https://www.foxnews.com/opinion/parents-fight-school-mask-mandates-children-karol-markowicz,FOX,1700
https://www.foxnews.com/opinion/tucker-carlson-pandemic-authoritarianism,FOX,1703
https://www.foxnews.com/opinion/victims-covid-nursing-homes-justice-janice-dean,FOX,1706
https://www.foxnews.com/opinion/tucker-carlson-christianity-dying-replaced-cult-coronavirus,FOX,1709
https://www.foxnews.com/opinion/covid-los-angeles-economy-deaths-matthew-barnett,FOX,1712
https://www.foxnews.com/media/tucker-carlson-proof-biden-lackeys-media-lying-about-covid,FOX,1715
https://www.foxnews.com/opinion/biden-vaccine-mandates-states-fight-back-arizona-ag-mark-brnovich,FOX,1718
https://www.foxnews.com/opinion/cuomo-covid-zucker,FOX,1721
https://www.foxnews.com/opinion/covid-still-beating-us-turn-around-dr-marc-siegel,FOX,1724
https://www.foxnews.com/opinion/tucker-carlson-military-covid-vaccine-mandate,FOX,1727
https://www.foxnews.com/opinion/emmys-covid-caste-system-david-marcus,FOX,1730
https://www.foxnews.com/opinion/covid-afghanistan-debacle-wisdom-vikings-america-crisis-arthur-herman,FOX,1736
https://www.foxnews.com/opinion/world-truth-covid-origin-rep-wittman-rep-stefanik,FOX,1739
https://www.foxnews.com/opinion/medical-concerns-biden-new-vaccine-mandates-dr-marty-makary,FOX,1742
https://www.foxnews.com/opinion/top-takeaways-biden-covid-battle-plan-dr-marc-siegel,FOX,1748
https://www.foxnews.com/opinion/labor-day-2021-covid-american-workers-callista-newt-gingrich,FOX,1751
https://www.foxnews.com/opinion/cdc-injustice-disease-covid-betsy-mccaughey,FOX,1754
https://www.foxnews.com/opinion/covid-worries-4-practices-pre-teen-anxiety-max-lucado-andrea-lucado,FOX,1757
https://www.foxnews.com/opinion/tucker-carlson-leaders-explain-covid-mandates,FOX,1760
https://www.foxnews.com/opinion/team-biden-covid-afghanistan-dr-marty-makary,FOX,1766
https://www.foxnews.com/opinion/tucker-carlson-vaccine-mandates-not-about-covid,FOX,1772
https://www.foxnews.com/opinion/covid-boosters-marc-siegel,FOX,1775
https://www.foxnews.com/opinion/janice-dean-in-laws-covid-2020-lives,FOX,1784
https://www.foxnews.com/opinion/covid-vaccine-mandates-freedom-decision-rep-lauren-boebert,FOX,1787
https://www.foxnews.com/opinion/biden-covid-strategy-tight-control-no-control-illegal-newt-gingrich,FOX,1808
https://www.foxnews.com/opinion/covid-enemy-war-us-biden-aid-comfort-deroy-murdock,FOX,1811
https://www.foxnews.com/politics/white-house-turns-down-oct-plan-to-boost-covid-testing-report,FOX,6
https://www.foxnews.com/category/health/infectious-disease/coronavirus,FOX,4
https://www.foxnews.com/politics/biden-states-fix-omicron-covid-governors-call,FOX,1562
https://www.foxnews.com/politics/fauci-new-years-parties-omicron-cancel,FOX,13
https://www.foxnews.com/politics/white-house-lifting-omicron-covid-travel-ban-southern-african-countries,FOX,18
https://www.foxnews.com/politics/chris-coons-announces-he-tested-positive-for-covid-19,FOX,33
https://www.foxnews.com/politics/truckers-face-looming-vaccine-mandate-for-cross-border-canada-shipments,FOX,37
https://www.foxnews.com/politics/psaki-biden-think-order-covid-tests-anybody-see-coming,FOX,40
https://www.foxnews.com/politics/us-supreme-court-to-hear-oral-arguments-on-challenges-to-bidens-employer-vaccine-mandate,FOX,43
https://www.foxnews.com/politics/white-house-says-vp-harris-contact-staffer-who-tested-positive-covid-tested-negative-herself,FOX,46
https://www.foxnews.com/politics/white-house-biden-credit-to-trump-on-vaccine,FOX,59
https://www.foxnews.com/politics/masking-holidays-christmas-governments-covid-coronavirus,FOX,63
https://www.foxnews.com/politics/gop-lawmakers-demand-pelosi-reopen-capitol-dems-covid-control-americans,FOX,56
https://www.foxnews.com/politics/squad-member-pressley-demands-return-of-massachusetts-mask-mandate,FOX,79
https://www.foxnews.com/politics/trump-appreciative-biden-acknowledged-administrations-covid-vaccine-success,FOX,83
https://www.foxnews.com/politics/25-states-sue-biden-admin-for-enforcing-vaccine-mandate-masks-on-children-and-staff-in-head-start-programs,FOX,86
https://www.foxnews.com/politics/republicans-accuse-biden-controlling-americans-fear-covid,FOX,89
https://www.foxnews.com/politics/misleading-claims-white-house-covid-fact-sheet,FOX,93
https://www.foxnews.com/politics/biden-to-announce-support-for-hospitals-access-to-free-covid-tests-vaccine-availability-amid-omicron-surge,FOX,99
https://www.foxnews.com/politics/andy-biggs-biden-unvaccinated-ostracize,FOX,118
https://www.foxnews.com/politics/psaki-biden-shut-down-covid-19,FOX,121
https://www.foxnews.com/politics/psaki-white-house-covid-19-outbreak,FOX,124
https://www.foxnews.com/politics/new-york-hochul-mask-mandate-rejected-county-executives,FOX,127
https://www.foxnews.com/politics/stabenow-maskless-republicans-booker-warren-covid-19,FOX,131
https://www.foxnews.com/politics/elizabeth-warren-announces-she-is-positive-for-covid-despite-being-vaccinated,FOX,140
https://www.foxnews.com/politics/maryland-hogan-on-covid-cases,FOX,143
https://www.foxnews.com/politics/white-house-clarify-harris-statement-delta-omicron-variants,FOX,155
https://www.foxnews.com/politics/two-test-more-positive-covid-sec-blinken,FOX,158
https://www.foxnews.com/politics/dc-covid-19-case-record,FOX,161
https://www.foxnews.com/politics/fox-business-poll-voters-worry-about-the-pandemic-but-split-on-restrictions,FOX,171
https://www.foxnews.com/politics/biden-holiday-plans-not-changing-covid-19-psaki,FOX,175
https://www.foxnews.com/politics/biden-warns-winter-of-severe-illness-death-unvaccinated,FOX,186
https://www.foxnews.com/politics/texas-injunction-against-biden-vaccine-mandate-federally-funded-healthcare-workers,FOX,189
https://www.foxnews.com/politics/gop-congressional-candidate-joe-kent-vaccine-mandates,FOX,192
https://www.foxnews.com/politics/five-governors-pentagon-rescind-vaccine-mandate-national-guard-members,FOX,203
https://www.foxnews.com/politics/austin-city-council-extends-coronavirus-restriction-ordinance-for-another-year-without-public-debate,FOX,206
https://www.foxnews.com/politics/biden-grave-mistake-military-vaccine-mandate-republicans-warn,FOX,209
https://www.foxnews.com/politics/white-house-says-there-are-a-range-of-reasons-for-increase-in-crime-stemming-from-covid-pandemic,FOX,218
https://www.foxnews.com/politics/supreme-court-rejects-religious-challenge-to-n-y-vaccine-mandate,FOX,221
https://www.foxnews.com/politics/colorado-governor-covid-19-emergency-over-fault-unvaccinated-sick,FOX,230
https://www.foxnews.com/politics/de-blasio-on-signing-non-citizen-voting-bill-despite-big-legal-questions-my-focus-is-on-covid,FOX,233
https://www.foxnews.com/politics/biden-handling-coronavirus-pandemic-mixed-reviews-dc-residents,FOX,246
https://www.foxnews.com/politics/top-ranking-naval-officer-relieved-of-duty-over-refusal-to-get-vaccinated,FOX,249
https://www.foxnews.com/politics/pennsylvanias-high-court-strikes-down-school-mask-mandate-amid-gop-backed-lawsuit,FOX,252
https://www.foxnews.com/politics/ny-mask-mandate-indoor-spaces,FOX,263
https://www.foxnews.com/politics/biden-vaccine-mandate-truckers-crossing-border-worsen-supply-chain-crisis,FOX,267
https://www.foxnews.com/politics/keller-house-democrats-gop-momentum-biden-vaccine-mandate,FOX,270
https://www.foxnews.com/politics/pentagon-not-giving-vaxx-exemptions-has-nothing-to-do-with-trampling-on-the-religious-liberties-of-soldiers,FOX,273
https://www.foxnews.com/politics/vaccine-mandate-republican-senators-democrats-house,FOX,276
https://www.foxnews.com/politics/minnesota-official-hyped-masks-kids-sounded-different-note,FOX,280
https://www.foxnews.com/politics/desantis-vows-no-lockdowns-or-mandates-over-reports-of-omicron-in-state,FOX,283
https://www.foxnews.com/politics/georgia-federal-judge-latest-to-halt-biden-federal-contractor-vaccine-mandate,FOX,292
https://www.foxnews.com/politics/oregon-governor-spotted-maskless-dc-mask-mandates,FOX,301
https://www.foxnews.com/politics/oklahoma-attorney-general-sues-biden-admin-federal-workforce-vaccine-mandate,FOX,312
https://www.foxnews.com/politics/biden-pledge-shut-down-virus-predicts-winter-covid-19-spike,FOX,315
https://www.foxnews.com/politics/rep-norman-fda-covid-vaccine-data-100-days,FOX,330
https://www.foxnews.com/politics/third-omicron-case-in-the-united-states-detected-in-colorado,FOX,334
https://www.foxnews.com/politics/biden-us-vaccinate-world-beat-covid-19-pandemic,FOX,337
https://www.foxnews.com/politics/pelosi-staffer-blasted-after-accusing-gop-anti-mask-despite-multiple-pelosi-mask-slip-ups,FOX,345
https://www.foxnews.com/politics/biden-vaccine-mandate-legal-losses,FOX,363
https://www.foxnews.com/politics/biden-loses-public-trust-covid-19-omicron-variant,FOX,366
https://www.foxnews.com/politics/white-house-responds-to-moderna-ceo-concerns-on-omicron-vaccine-we-dont-know-yet,FOX,370
https://www.foxnews.com/politics/ninth-circuit-temporarily-blocks-san-diego-vaccine-mandate-for-students,FOX,373
https://www.foxnews.com/politics/judge-blocks-biden-vaccine-mandate-for-health-care-workers-in-ten-states,FOX,376
https://www.foxnews.com/politics/andrew-cuomos-pandemic-response-ny-politics-science-health-officials,FOX,383
https://www.foxnews.com/politics/heritage-foundation-sues-biden-admin-vaccine-mandate,FOX,387
https://www.foxnews.com/politics/omicron-variant-is-a-cause-for-concern-not-a-cause-for-panic-biden-says,FOX,390
https://www.foxnews.com/politics/court-blocks-covid-19-vaccine-mandate-california-prisons,FOX,393
https://www.foxnews.com/politics/kamala-harris-south-african-travel-ban-necessary-omicron,FOX,396
https://www.foxnews.com/politics/new-migrant-caravan-omicron-covid-variant,FOX,399
https://www.foxnews.com/politics/biden-promised-shut-down-covid-omicron-challenges,FOX,404
https://www.foxnews.com/politics/flashback-biden-suggested-trumps-coronavirus-travel-ban-xenophobic,FOX,410
https://www.foxnews.com/politics/st-louis-health-director-tells-staff-to-ignore-covid-19-lunatic-fringe-in-email-report,FOX,419
https://www.foxnews.com/politics/lawsuit-navy-employee-biden-federal-vaccine-mandate,FOX,427
https://www.foxnews.com/politics/psaki-attacks-desantis-over-disney-ending-vaccine-mandate,FOX,430
https://www.foxnews.com/politics/95-of-federal-workforce-is-in-compliance-with-biden-vaccine-requirement-senior-administration-official,FOX,438
https://www.foxnews.com/politics/cuomo-misrepresented-covid-19-nursing-home-toll-report-says,FOX,444
https://www.foxnews.com/politics/chip-roy-to-introduce-bill-requiring-hhs-to-provide-information-on-natural-immunity-as-it-relates-to-covid,FOX,453
https://www.foxnews.com/politics/fauci-maskless-indoors-report,FOX,456
https://www.foxnews.com/politics/peter-navarro-subpoenaed-by-house-covid-19-subcommittee,FOX,472
https://www.foxnews.com/politics/psaki-biden-failed-ask-xi-china-assistance-tracking-covid-origins,FOX,475
https://www.foxnews.com/politics/fewer-believe-covid-vaccine-mandates,FOX,478
https://www.foxnews.com/politics/federal-contractor-vaccine-mandate-james-comer,FOX,482
https://www.foxnews.com/politics/florida-desantis-trolls-president-biden-brandon-vaccine-mandates,FOX,503
https://www.foxnews.com/politics/idaho-advances-bill-easing-worker-compensation-for-vaccine-side-effects,FOX,506
https://www.foxnews.com/politics/biden-shakes-hands-maskless-but-remembers-to-put-it-on-before-photo,FOX,509
https://www.foxnews.com/politics/biden-osha-vaccine-mandate-challenges-appeals-court-in-cincinnati,FOX,517
https://www.foxnews.com/politics/white-house-wont-be-following-d-c-mayor-bowser-in-lifting-covid-19-mask-requirement-indoors,FOX,520
https://www.foxnews.com/politics/dc-lifts-indoor-mask-mandate,FOX,529
https://www.foxnews.com/politics/biden-xi-jinping-covid-origins-olympics,FOX,532
https://www.foxnews.com/politics/scott-atlas-says-new-book-will-clarify-the-facts-of-the-covid-19-pandemic,FOX,543
https://www.foxnews.com/politics/federal-court-orders-tennessee-to-halt-new-law-banning-mask-mandate-in-schools,FOX,546
https://www.foxnews.com/politics/doj-vigorously-defend-biden-osha-covid-19-vaccine-mandate-court,FOX,552
https://www.foxnews.com/politics/jen-psaki-to-return-to-briefing-room-after-testing-positive-for-covid-19,FOX,560
https://www.foxnews.com/politics/cbp-orders-supervisors-employees-vaccine-mandate-disciplined-insubordination,FOX,566
https://www.foxnews.com/politics/pelosi-mask,FOX,575
https://www.foxnews.com/politics/covid-origin-commission-911-senators,FOX,583
https://www.foxnews.com/politics/democratic-governor-kelly-kansas-biden-vaccine-mandate,FOX,589
https://www.foxnews.com/politics/schumer-maskless-dancing-puerto-rico,FOX,595
https://www.foxnews.com/politics/house-republicans-move-stall-biden-vaccine-mandate,FOX,599
https://www.foxnews.com/politics/texas-sues-biden-administration-flaty-unconstitutional-federal-vaccine-mandate,FOX,602
https://www.foxnews.com/politics/democrats-1-75-trillion-bill-could-massively-increase-fines-against-employers-violating-vaccine-mandate,FOX,611
https://www.foxnews.com/politics/new-jersey-high-school-grad-school-board-coronavirus-atlantic-county-egg-harbor,FOX,614
https://www.foxnews.com/politics/wh-aide-tests-positive-for-covid-19-while-abroad-with-biden,FOX,623
https://www.foxnews.com/politics/cruz-introduces-bill-to-block-federal-government-public-schools-from-mandating-covid-19-vaccines-for-kids,FOX,626
https://www.foxnews.com/politics/sen-marshall-slams-bullying-military-vaccine-mandate-service-members-exemptions,FOX,632
https://www.foxnews.com/politics/air-force-removes-23-recruits-from-bootcamp-over-refusal-to-get-covid-19-vaccine,FOX,638
https://www.foxnews.com/politics/jen-psaki-tests-positive-for-covid-19,FOX,650
https://www.foxnews.com/politics/lightfoot-pritzker-court-win-fight-vaccine-mandates,FOX,663
https://www.foxnews.com/politics/supreme-court-denies-request-to-block-maines-covid-19-vaccine-mandate-for-health-care-workers,FOX,666
https://www.foxnews.com/politics/10-states-file-lawsuit-against-biden-admin-to-halt-vaccine-mandate-for-fed-contractors,FOX,670
https://www.foxnews.com/politics/biden-admin-vaccine-employees-judge-injunction,FOX,676
https://www.foxnews.com/politics/police-union-endorses-gop-bill-protecting-essential-workers-from-firing-for-defying-covid-vaccine-mandates,FOX,687
https://www.foxnews.com/politics/judge-denies-new-york-city-police-union-request-for-restraining-order-to-block-de-blasio-vaccine-mandate,FOX,690
https://www.foxnews.com/politics/vaccine-mandate-train-wreck-federal-employees,FOX,696
https://www.foxnews.com/politics/blackburn-bill-essential-workers-covid-vaccine-mandates,FOX,704
https://www.foxnews.com/politics/biden-coughs-into-hand-proceeds-to-shake-hands-with-public-maskless,FOX,710
https://www.foxnews.com/politics/protesters-swarm-brooklyn-nets-arena-in-support-of-kyrie-irvings-refusal-to-be-vaccinated,FOX,719
https://www.foxnews.com/politics/psaki-biden-approval-ratings-people-tired-fighting-pandemic,FOX,726
https://www.foxnews.com/politics/dozens-ge-employees-walk-out-south-carolina-plant-vaccine-mandate-protest,FOX,741
https://www.foxnews.com/politics/la-mayor-city-employees-be-prepared-lose-your-job-if-you-arent-vaccinated-deadline,FOX,750
https://www.foxnews.com/politics/coronavirus-feds-backlash-relief-schools-cdc-guidance,FOX,753
https://www.foxnews.com/politics/mayorkas-hearing-postponed-dhs-secretary-tests-positive-for-covid-19,FOX,766
https://www.foxnews.com/politics/cdc-walensky-schools-keep-mask-mandates-even-if-kids-are-vaccinated,FOX,769
https://www.foxnews.com/politics/white-house-kids-vaccination-rollout-plan-possible-authorization,FOX,773
https://www.foxnews.com/politics/san-francisco-shuts-down-in-n-out-for-not-enforcing-jab-mandate-we-refuse-to-become-the-vaccination-police,FOX,787
https://www.foxnews.com/politics/sen-braun-welcomes-chicago-police-officers-fired-vaccine-mandate-indiana-you-deserve-respect,FOX,790
https://www.foxnews.com/politics/dhs-secretary-mayorkas-tests-positive-covid-19-days-after-biden-event,FOX,793
https://www.foxnews.com/politics/federal-judge-denies-bid-stop-oregon-vaccine-mandate,FOX,805
https://www.foxnews.com/politics/fda-approves-a-mix-match-approach-vaccine-booster-shots,FOX,809
https://www.foxnews.com/politics/colin-powell-dead-covid-19-former-secretary-of-state,FOX,817
https://www.foxnews.com/politics/il-governor-jb-pritzker-delays-covid-vaccine-deadline-state-workers,FOX,823
https://www.foxnews.com/politics/us-donating-17m-covid-vaccines-african-union,FOX,829
https://www.foxnews.com/politics/biden-number-unvaccinated-americans-unacceptably-high-mandates-working,FOX,835
https://www.foxnews.com/politics/us-to-reopen-land-borders-next-month-for-fully-vaccinated,FOX,848
https://www.foxnews.com/politics/florida-fines-county-3-5-million-for-violating-vaccine-mandate-ban,FOX,851
https://www.foxnews.com/politics/biden-employer-vaccine-mandate-one-step-closer-to-reality-as-osha-submits-rule-text-to-omb-for-review,FOX,855
https://www.foxnews.com/politics/new-jersey-gov-murphy-caught-maskless-indoor-ball,FOX,861
https://www.foxnews.com/politics/texas-gov-greg-abbott-issued-an-executive-order-banning-any-entity-in-the-state-from-enforcing-a-covid-19,FOX,864
https://www.foxnews.com/politics/psaki-biden-really-terrible-polls-delta-variant-unaccinated-americans,FOX,867
https://www.foxnews.com/politics/de-blasio-mandatory-vaccination-nypd,FOX,870
https://www.foxnews.com/politics/teachers-alarmed-training-log-vaccine-conversations-parents-students,FOX,876
https://www.foxnews.com/politics/idaho-governor-brad-little-repeals-coronavirus-executive-order,FOX,879
https://www.foxnews.com/politics/nearly-7-in-10-parents-oppose-vaccine-mandates-for-students-poll-finds,FOX,882
https://www.foxnews.com/politics/gun-permits-soared-during-coronavirus-pandemic-record-high-year-over-year-increase,FOX,888
https://www.foxnews.com/politics/pentagon-requires-civilian-employees-fully-vaccinated-covid-19-nov-22,FOX,894
https://www.foxnews.com/politics/sotomayor-denies-nyc-teachers-plea-to-block-vaccine-mandate,FOX,912
https://www.foxnews.com/politics/school-biden-threats-covid-crt-patriot-act,FOX,915
https://www.foxnews.com/politics/gov-newsom-announces-california-first-state-require-covid-vaccinations-k-12-students,FOX,918
https://www.foxnews.com/politics/supreme-court-justice-brett-kavanaugh-tests-positive-covid-19,FOX,909
https://www.foxnews.com/politics/psaki-says-bidens-lagging-poll-numbers-on-covid-19-mainly-due-to-frustrations-not-presidents-job,FOX,924
https://www.foxnews.com/politics/abbott-texas-biden-covid-amonoclonal-antibodies,FOX,928
https://www.foxnews.com/politics/coast-guard-covid-vetting-inquisition,FOX,938
https://www.foxnews.com/politics/new-hampshire-lawsuit-non-white-vaccines-covid,FOX,942
https://www.foxnews.com/politics/biden-receives-covid-pfizer-booster-at-white-house,FOX,948
https://www.foxnews.com/politics/black-lives-matter-leader-calls-nyc-vaccine-mandate-modern-day-freedom-papers,FOX,951
https://www.foxnews.com/politics/federal-judge-blocks-new-york-city-covid-19-mandate-for-education-department-employees,FOX,960
https://www.foxnews.com/politics/biden-coronavirus-policy-distraction-crises,FOX,963
https://www.foxnews.com/politics/arizona-biden-admin-migrant-covid-risk,FOX,972
https://www.foxnews.com/politics/cdc-quietly-removed-school-guidance-for-eliminating-masks-rolling-back-covid-19-prevention-efforts,FOX,975
https://www.foxnews.com/politics/cruz-bidens-unconstitutional-vaccine-mandate-afghanistan,FOX,990
https://www.foxnews.com/politics/times-square-swarmed-by-hundreds-protesting-covid-vaccine-mandate,FOX,993
https://www.foxnews.com/politics/desantis-biden-florida-monoclonal-antibodies-coronavirus,FOX,1005
https://www.foxnews.com/politics/dhs-watchdog-covid-procedures-southwestern-border-endangering-staff-migrants,FOX,1008
https://www.foxnews.com/politics/biden-vaccine-mandate-24-republicans,FOX,1011
https://www.foxnews.com/politics/americans-divided-biden-covid-poll,FOX,1017
https://www.foxnews.com/politics/biden-approval-ratings-keep-slipping-in-wake-of-afghanistan-exit-covid-surge-poll,FOX,1023
https://www.foxnews.com/politics/mcauliffe-maskless-on-amtrak-skirting-federal-mask-mandates,FOX,1027
https://www.foxnews.com/politics/arizona-sues-biden-administration-covid-19-vaccine-mandate,FOX,1030
https://www.foxnews.com/politics/biden-covid-booster-shots-experts-follow-science,FOX,1033
https://www.foxnews.com/politics/army-officer-resigns-biden-vaccine-mandate-marxist-takeover-military,FOX,1039
https://www.foxnews.com/politics/washington-gov-inslee-sued-vaccine-mandate,FOX,1047
https://www.foxnews.com/politics/trump-covid-19-vaccine-democrats-coronavirus,FOX,1061
https://www.foxnews.com/politics/gavin-newsom-nationalizes-california-recall-covid-election,FOX,1064
https://www.foxnews.com/politics/harris-started-politicization-of-covid-19-vaccines-christie-says,FOX,1067
https://www.foxnews.com/politics/psaki-says-business-vaccine-requirement-among-the-pathways-to-a-mandate,FOX,1073
https://www.foxnews.com/politics/bowser-faces-backlash-for-going-maskless-indoors,FOX,1090
https://www.foxnews.com/politics/jonathan-turley-biden-ron-klain-vaccine-retweet-daft,FOX,1093
https://www.foxnews.com/politics/governors-biden-vaccine-mandate-legal-action,FOX,1096
https://www.foxnews.com/politics/biden-disappointed-republican-governors-vaccine-mandate,FOX,1099
https://www.foxnews.com/politics/rnc-announces-intention-to-sue-biden-admin-over-vaccine-mandates,FOX,1121
https://www.foxnews.com/politics/biden-plan-for-forced-vaccinations-doesnt-include-illegal-immigrants,FOX,1124
https://www.foxnews.com/politics/los-angeles-public-school-board-votes-to-implement-student-vaccine-mandate,FOX,1128
https://www.foxnews.com/politics/biden-declares-sweeping-new-vaccine-mandate-this-is-not-about-freedom,FOX,1131
https://www.foxnews.com/politics/republicans-respond-to-vaccine-mandates-issued-by-biden-absolutely-unconstitutional,FOX,1135
https://www.foxnews.com/politics/biden-set-to-announce-vaccine-mandate-or-weekly-testing-for-companies-with-more-than-100-employees,FOX,1147
https://www.foxnews.com/politics/la-public-school-board-to-vote-on-vaccine-mandate,FOX,1151
https://www.foxnews.com/politics/florida-judge-rules-against-desantis-on-school-mask-mandate-ban,FOX,1157
https://www.foxnews.com/politics/hypocrisy-aclu-denounced-mandates-for-pandemics-before-covid-19,FOX,1165
https://www.foxnews.com/politics/arizona-ag-brnovich-tucson-covid-vaccine-mandate-illegal,FOX,1174
https://www.foxnews.com/politics/antifa-clashes-with-anti-vaccine-mandate-protesters-1-shot,FOX,1180
https://www.foxnews.com/politics/rev-jesse-jackson-wife-home-chicago-hospital-coronavirus,FOX,1186
https://www.foxnews.com/politics/white-house-warns-us-not-prepared-future-pandemics,FOX,1192
https://www.foxnews.com/politics/cincinnati-medical-center-nurses-survey-quit-covid-vaccine,FOX,1200
https://www.foxnews.com/politics/biden-admin-afghanistan-coronavirus-hurricane-ida,FOX,1206
https://www.foxnews.com/politics/biden-education-department-civil-rights-investigations-masks-schools,FOX,1212
https://www.foxnews.com/politics/facui-says-covid-vaccination-mandates-for-school-children-good-idea,FOX,1220
https://www.foxnews.com/politics/florida-judge-desantis-mask-mandates-schools,FOX,1226
https://www.foxnews.com/politics/texas-greg-abbott-executive-order-vaccine-mandates-mask-mandate-ban,FOX,1235
https://www.foxnews.com/politics/china-harris-vietnam-vaccine-outreach-flight-delay,FOX,1238
https://www.foxnews.com/politics/kathy-hochul-adds-12k-deaths-to-covid-death-count,FOX,1247
https://www.foxnews.com/politics/pentagon-orders-covid-19-vaccinations-service-members,FOX,1250
https://www.foxnews.com/politics/new-york-governor-mask-vaccine,FOX,1259
https://www.foxnews.com/politics/oregon-gov-announces-statewide-mask-mandate-outdoors-regardless-of-vaccination-status,FOX,1262
https://www.foxnews.com/politics/missouri-eric-schmitt-lawsuit-schools-mask-mandates-children,FOX,1268
https://www.foxnews.com/politics/cuomo-covid-19-pandemic-alert-deliver-farewell-message-new-yorkers,FOX,1271
https://www.foxnews.com/politics/desantis-abbott-school-mask-foreign-countries,FOX,1274
https://www.foxnews.com/politics/terry-mcauliffe-calls-for-vaccine-mandate-to-make-life-difficult-for-unvaccinated,FOX,1277
https://www.foxnews.com/politics/jesse-jackson-and-wife-remain-under-observation-for-covid-19,FOX,1285
https://www.foxnews.com/politics/jesse-jackson-wife-hospitalized-covid,FOX,1303
https://www.foxnews.com/politics/texas-gov-abbott-tests-negative-for-covid-19-following-positive-test,FOX,1306
https://www.foxnews.com/politics/kentucky-gov-legal-defeat-covid,FOX,1309
https://www.foxnews.com/politics/uva-students-who-didnt-meet-vaccine-mandate-disenrolled,FOX,1313
https://www.foxnews.com/politics/florida-school-board-desantis-90-day-mask-policy-heated-meeting,FOX,1325
https://www.foxnews.com/politics/sen-johnson-paul-push-back-against-hhs-stonewalling-on-covid-origin-send-letter-demanding-unredacted-docs,FOX,1329
https://www.foxnews.com/politics/gavin-newsom-republican-covid-cliff-california-recall-election,FOX,1338
https://www.foxnews.com/politics/biden-pushes-for-vaccine-booster-shots-starting-in-september,FOX,1344
https://www.foxnews.com/politics/texas-school-district-abbott-mask-mandate-dress-code,FOX,1350
https://www.foxnews.com/politics/fake-covid-vaccine-cards-cpb,FOX,1362
https://www.foxnews.com/politics/cuomo-successor-kathy-hochul-covid-nursing-home-probe,FOX,1368
https://www.foxnews.com/politics/oklahoma-protest-mask-vaccine-mandates-statehouse,FOX,1377
https://www.foxnews.com/politics/antifa-agitators-clash-with-anti-mask-protesters-in-bloody-skirmish-1-stabbed,FOX,1380
https://www.foxnews.com/politics/new-mexico-dem-governor-coronavirus-relief-farm-workers-pay,FOX,1390
https://www.foxnews.com/politics/supreme-court-justice-barrett-denies-appeal-from-indiana-university-students-fighting-covid-19-vaccine-mandate,FOX,1394
https://www.foxnews.com/politics/parents-across-country-revolt-school-boards-masks-critical-race-theory,FOX,1411
https://www.foxnews.com/politics/states-cities-mask-mandates-delta-spread,FOX,1415
https://www.foxnews.com/politics/fauci-backs-covid-19-vaccine-mandates-for-teachers,FOX,1430
https://www.foxnews.com/politics/biden-checking-if-he-has-power-to-intervene-on-florida-and-texas-mask-mandates,FOX,1433
https://www.foxnews.com/politics/cuomo-must-release-covid-19-data-before-resigns-scalise-demands,FOX,1437
https://www.foxnews.com/politics/oklahoma-school-board-kids-masks-murder,FOX,1445
https://www.foxnews.com/politics/rashida-tlaib-spotted-dancing-maskless-at-large-indoor-gathering-in-cdc-orange-zone,FOX,1458
https://www.foxnews.com/politics/az-attorney-general-scolds-biden-administration-for-releasing-covid-positive-migrants,FOX,1461
https://www.foxnews.com/politics/fauci-young-kids-wear-masks-lasting-negative-impact,FOX,1465
https://www.foxnews.com/politics/world-food-program-says-the-coronavirus-pandemic-has-worsened-hunger-around-the-world,FOX,1473
https://www.foxnews.com/politics/san-francisco-sheriffs-union-vaccinations,FOX,1479
https://www.foxnews.com/politics/arkansas-banning-mask-mandates,FOX,1490
https://www.foxnews.com/politics/white-house-delta-lockdowns,FOX,1493
https://www.foxnews.com/politics/white-house-doesnt-deny-it-is-considering-withholding-funds-to-force-vaccinations,FOX,1505
https://www.foxnews.com/politics/americans-oppose-vaccine-passes-for-restaurants,FOX,1508
https://www.foxnews.com/politics/california-mandates-vaccines-health-care-workers,FOX,1511
https://www.foxnews.com/politics/psaki-biden-migrants-vaccine-covid-foreign-travelers,FOX,1520
https://www.foxnews.com/politics/former-obama-official-calls-for-unvaccinated-to-be-put-on-no-fly-list,FOX,1532
https://www.foxnews.com/politics/sec-of-defense-austin-to-announce-mandatory-vaccine-policy-for-all-active-duty-military,FOX,1535
https://www.foxnews.com/politics/texas-border-city-covid-positive-migrants-released-february-last-week,FOX,1538
https://www.foxnews.com/politics/aoc-coronavirus-mask-capitol,FOX,1547
https://www.foxnews.com/politics/covid-spread-biden-planning-vaccinate-migrants-border,FOX,1550
https://www.foxnews.com/politics/biden-dodges-question-on-justification-for-letting-unvaccinated-migrants-into-u-s,FOX,1558
https://www.foxnews.com/media/pandemic-fatigue-virus-deaths-normalcy-kurtz-media-buzz,FOX,1560
